<?xml version="1.0" encoding="ISO-8859-15"?>
<uc-export clientvers="11.2.0-dev+main.build.2327">
<DOCU name="PCK.PSL_AUTOMIC_GUJ.CISCO_UCS.PUB.DOC">
<HEADER state="1">
<Title/>
<ArchiveKey1/>
<ArchiveKey2/>
<OH_SubType/>
</HEADER>
<DOCU_Docu state="1" type="text">
<DOC><![CDATA[These actions are created by the Presales Team.

All actions within this Action Pack are not officially supported.

=Rollback=

These actions do not support rollback yet!
]]></DOC>
</DOCU_Docu>
</DOCU>
</uc-export>